name,code,pop,gdp
Antigua and Barbuda,ATG,83039,11000
Algeria,DZA,32854159,6000
Azerbaijan,AZE,8352021,3400
Albania,ALB,3153731,4500
Armenia,ARM,3017661,3500
Angola,AGO,16095214,1900
American Samoa,ASM,64051,8000
Argentina,ARG,38747148,11200
Australia,AUS,20310208,29000
Bahrain,BHR,724788,16900
Barbados,BRB,291933,15700
Bermuda,BMU,64174,36000
Bahamas,BHS,323295,16700
Bangladesh,BGD,15328112,1900
Belize,BLZ,275546,4900
Bosnia and Herzegovina,BIH,3915238,6100
Bolivia,BOL,9182015,2400
Burma,MMR,47967266,1800
Benin,BEN,8490301,1100
Solomon Islands,SLB,472419,1700
Brazil,BRA,186830759,7600
Bulgaria,BGR,7744591,7600
Brunei Darussalam,BRN,373831,18600
Canada,CAN,32270507,29800
Cambodia,KHM,13955507,1900
Sri Lanka,LKA,19120763,3700
Congo,COG,3609851,700
Democratic Republic of the Congo,COD,58740547,700
Burundi,BDI,7858791,600
China,CHN,1312978855,5000
Afghanistan,AFG,25067407,700
Bhutan,BTN,637013,1300
Chile,CHL,16295102,9900
Cayman Islands,CYM,45591,35000
Cameroon,CMR,17795149,1800
Chad,TCD,10145609,1200
Comoros,COM,797902,700
Colombia,COL,4494579,6300
Costa Rica,CRI,4327228,9100
Central African Republic,CAF,4191429,1100
Cuba,CUB,11259905,2900
Cape Verde,CPV,506807,1400
Cook Islands,COK,13984,5000
Cyprus,CYP,836321,19200
Denmark,DNK,5416945,31100
Djibouti,DJI,804206,1300
Dominica,DMA,67827,5400
Dominican Republic,DOM,9469601,6000
Ecuador,ECU,13060993,3300
Egypt,EGY,72849793,4000
Ireland,IRL,4143294,29600
Equatorial Guinea,GNQ,484098,2700
Estonia,EST,1344312,12300
Eritrea,ERI,4526722,700
El Salvador,SLV,6668356,4800
Ethiopia,ETH,78985857,700
Austria,AUT,8291979,30000
Czech Republic,CZE,10191762,15700
French Guiana,GUF,192099,8300
Finland,FIN,5246004,27400
Fiji,FJI,828046,5800
Falkland Islands (Malvinas),FLK,2975,0
Micronesia," Federated States of",FSM,110058
French Polynesia,PYF,255632,17500
France,FRA,60990544,27600
Gambia,GMB,1617029,1700
Gabon,GAB,1290693,5500
Georgia,GEO,4473409,2500
Ghana,GHA,2253501,2200
Grenada,GRD,105237,5000
Greenland,GRL,57475,20000
Germany,DEU,82652369,27600
Guam,GUM,16857,21000
Greece,GRC,11099737,20000
Guatemala,GTM,12709564,4100
Guinea,GIN,9002656,2100
Guyana,GUY,739472,4000
Haiti,HTI,9296291,1600
Honduras,HND,683411,2600
Croatia,HRV,455149,10600
Hungary,HUN,10086387,13900
Iceland,ISL,295732,30900
India,IND,1134403141,2900
Iran (Islamic Republic of),IRN,69420607,7000
Israel,ISR,6692037,19800
Italy,ITA,5864636,26700
Cote d'Ivoire,CIV,18584701,1400
Iraq,IRQ,27995984,1500
Japan,JPN,127896740,28200
Jamaica,JAM,2682469,3900
Jordan,JOR,5544066,4300
Kenya,KEN,35598952,1000
Kyrgyzstan,KGZ,5203547,1600
Korea," Democratic People's Republic of",PRK,23615611
Kiribati,KIR,92003,800
Korea," Republic of",KOR,47869837
Kuwait,KWT,2700,19000
Kazakhstan,KAZ,15210609,6300
Lao People's Democratic Republic,LAO,566391,1700
Lebanon,LBN,401074,4800
Latvia,LVA,2301793,10200
Belarus,BLR,9795287,6100
Lithuania,LTU,3425077,11400
Liberia,LBR,3441796,1000
Slovakia,SVK,5386995,13300
Liechtenstein,LIE,34598,25000
Libyan Arab Jamahiriya,LBY,5918217,6400
Madagascar,MDG,18642586,800
Martinique,MTQ,395896,14400
Mongolia,MNG,2580704,1800
Montserrat,MSR,5628,3400
The former Yugoslav Republic of Macedonia,MKD,2033655,6700
Mali,MLI,1161109,900
Morocco,MAR,30494991,4000
Mauritius,MUS,1241173,11400
Mauritania,MRT,2963105,1800
Malta,MLT,402617,17700
Oman,OMN,2507042,13100
Maldives,MDV,295297,3900
Mexico,MEX,104266392,9000
Malaysia,MYS,25652985,9000
Mozambique,MOZ,20532675,1200
Malawi,MWI,13226091,600
New Caledonia,NCL,234185,15000
Niue,NIU,1632,0
Niger,NER,1326419,800
Aruba,ABW,102897,28000
Anguilla,AIA,12256,8600
Belgium,BEL,10398049,29100
Hong Kong,HKG,7057418,28800
Northern Mariana Islands,MNP,80258,12500
Faroe Islands,FRO,48205,22000
Andorra,AND,73483,19000
Gibraltar,GIB,291,17500
Isle of Man,IMN,78357,21000
Luxembourg,LUX,456613,55100
Macau,MAC,47309,19400
Monaco,MCO,325,27000
Palestine,PSE,3762005,800
Montenegro,MNE,607969,0
Mayotte,MYT,0,2600
Ã…land Islands,ALA,0,0
Norfolk Island,NFK,0,0
Cocos (Keeling) Islands,CCK,0,0
Antarctica,ATA,0,0
Bouvet Island,BVT,0,0
French Southern and Antarctic Lands,ATF,0,0
Heard Island and McDonald Islands,HMD,0,0
British Indian Ocean Territory,IOT,0,0
Christmas Island,CXR,0,0
United States Minor Outlying Islands,UMI,0,0
Vanuatu,VUT,215366,2900
Nigeria,NGA,141356083,900
Netherlands,NLD,1632769,28600
Norway,NOR,4638836,37800
Nepal,NPL,27093656,1400
Nauru,NRU,10111,5000
Suriname,SUR,452468,4000
Nicaragua,NIC,5462539,2300
New Zealand,NZL,4097112,21600
Paraguay,PRY,5904342,4700
Peru,PER,27274266,5100
Pakistan,PAK,158080591,2100
Poland,POL,38195558,11100
Panama,PAN,3231502,6300
Portugal,PRT,10528226,18000
Papua New Guinea,PNG,6069715,2200
Guinea-Bissau,GNB,1596929,800
Qatar,QAT,796186,21500
Reunion,REU,785159,5800
Romania,ROU,21627557,7000
Republic of Moldova,MDA,3876661,1800
Philippines,PHL,84566163,4600
Puerto Rico,PRI,3946779,16800
Russia,RUS,143953092,8900
Rwanda,RWA,9233793,1300
Saudi Arabia,SAU,2361236,11800
Saint Kitts and Nevis,KNA,49138,8800
Seychelles,SYC,85532,7800
South Africa,ZAF,47938663,10700
Lesotho,LSO,1980831,3000
Botswana,BWA,1835938,9000
Senegal,SEN,1177034,1600
Slovenia,SVN,1999425,19000
Sierra Leone,SLE,5586403,500
Singapore,SGP,4327468,23700
Somalia,SOM,8196395,500
Spain,ESP,43397491,22000
Saint Lucia,LCA,16124,5400
Sudan,SDN,36899747,1900
Sweden,SWE,9038049,26800
Syrian Arab Republic,SYR,18893881,3300
Switzerland,CHE,7424389,32700
Trinidad and Tobago,TTO,1323722,9500
Thailand,THA,63002911,7400
Tajikistan,TJK,6550213,1000
Tokelau,TKL,1401,0
Tonga,TON,99361,2200
Togo,TGO,6238572,1500
Sao Tome and Principe,STP,152622,1200
Tunisia,TUN,10104685,6900
Turkey,TUR,72969723,6700
Tuvalu,TUV,10441,1100
Turkmenistan,TKM,4833266,5800
United Republic of Tanzania,TZA,38477873,600
Uganda,UGA,28947181,1400
United Kingdom,GBR,60244834,27700
Ukraine,UKR,46917544,5400
United States,USA,299846449,37800
Burkina Faso,BFA,13933363,1100
Uruguay,URY,3325727,12800
Uzbekistan,UZB,26593123,1700
Saint Vincent and the Grenadines,VCT,119137,2900
Venezuela,VEN,26725573,4800
British Virgin Islands,VGB,22016,16000
Viet Nam,VNM,85028643,2500
United States Virgin Islands,VIR,111408,17200
Namibia,NAM,2019677,7200
Wallis and Futuna Islands,WLF,15079,3700
Samoa,WSM,183845,5600
Swaziland,SWZ,1124529,4900
Yemen,YEM,21095679,800
Zambia,ZMB,11478317,800
Zimbabwe,ZWE,13119679,1900
Indonesia,IDN,226063044,3200
Guadeloupe,GLP,438403,8000
Netherlands Antilles,ANT,186392,11400
United Arab Emirates,ARE,4104291,23200
Timor-Leste,TLS,1067285,500
Pitcairn Islands,PCN,5,0
Palau,PLW,20127,9000
Marshall Islands,MHL,5672,1600
Saint Pierre and Miquelon,SPM,6346,6900
Saint Helena,SHN,6399,2500
San Marino,SMR,30214,34600
Turks and Caicos Islands,TCA,24459,9600
Western Sahara,ESH,440428,
Serbia,SRB,9863026,2200
Holy See (Vatican City),VAT,783,0
Svalbard,SJM,0,0
Saint Martin,MAF,0,0
Saint Barthelemy,BLM,0,0
Guernsey,GGY,0,20000
Jersey,JEY,0,24800
South Georgia South Sandwich Islands,SGS,0,0
Taiwan,TWN,23588932,23400
